id,userName
1,Player398223
2,Player847910
3,Player194762
4,Player472775
5,Player435662
6,Player910679
7,Player312556
8,Player771605
9,Player124208
10,Player919318
11,Player288021
12,Player382542
13,Player370807
14,Player469599
15,Player368835
16,Player850377
17,Player444311
18,Player399613
19,Player512330
20,Player730370
21,Player186188
22,Player779363
23,Player385083
24,Player359107
25,Player171427
26,Player813297
27,Player804560
28,Player128470
29,Player801578
30,Player426368
31,Player712792
32,Player882416
33,Player489668
34,Player997504
35,Player936529
36,Player769956
37,Player171941
38,Player819081
39,Player810607
40,Player352641
41,Player774426
42,Player244215
43,Player321160
44,Player701170
45,Player687179
46,Player889879
47,Player973920
48,Player121286
49,Player355241
50,Player944506
51,Player728486
52,Player689223
53,Player583867
54,Player524954
55,Player778292
56,Player527447
57,Player188296
58,Player733692
59,Player272275
60,Player445895
61,Player645736
62,Player805551
63,Player778353
64,Player391221
65,Player307718
66,Player516370
67,Player357295
68,Player177893
69,Player886993
70,Player112766
71,Player125179
72,Player981962
73,Player875303
74,Player867142
75,Player743254
76,Player157571
77,Player315092
78,Player542893
79,Player468050
80,Player219141
81,Player877521
82,Player999678
83,Player988647
84,Player504344
85,Player271133
86,Player519445
87,Player313695
88,Player627714
89,Player978605
90,Player754756
91,Player360756
92,Player728492
93,Player233959
94,Player549002
95,Player716484
96,Player858999
97,Player181188
98,Player942902
99,Player842095
100,Player296746
101,Player776582
102,Player802138
103,Player889808
104,Player485258
105,Player880754
106,Player988763
107,Player425332
108,Player616194
109,Player937218
110,Player885550
111,Player746562
112,Player611286
113,Player856373
114,Player187168
115,Player933143
116,Player547597
117,Player486149
118,Player261568
119,Player744972
120,Player781130
121,Player908772
122,Player948668
123,Player986825
124,Player320423
125,Player438526
126,Player435743
127,Player955465
128,Player662110
129,Player864298
130,Player563126
131,Player329768
132,Player289960
133,Player562659
134,Player145217
135,Player552536
136,Player219903
137,Player465532
138,Player129859
139,Player226530
140,Player471519
141,Player534318
142,Player781495
143,Player650917
144,Player373561
145,Player905722
146,Player213383
147,Player433815
148,Player207312
149,Player182605
150,Player865558
151,Player960548
152,Player560047
153,Player666445
154,Player436086
155,Player715425
156,Player391145
157,Player424638
158,Player247759
159,Player596826
160,Player138685
161,Player644312
162,Player637288
163,Player618626
164,Player237199
165,Player886213
166,Player863086
167,Player747105
168,Player604149
169,Player170919
170,Player127494
171,Player225758
172,Player433268
173,Player903638
174,Player556998
175,Player170177
176,Player936546
177,Player873311
178,Player447441
179,Player144965
180,Player456691
181,Player463965
182,Player532249
183,Player129711
184,Player860331
185,Player803938
186,Player499724
187,Player526413
188,Player511603
189,Player992007
190,Player382290
191,Player824359
192,Player967717
193,Player482570
194,Player763780
195,Player128744
196,Player680363
197,Player452577
198,Player631889
199,Player209775
200,Player497439
201,Player174817
202,Player892644
203,Player933595
204,Player387250
205,Player264918
206,Player968705
207,Player515306
208,Player183787
209,Player590020
210,Player815063
211,Player161681
212,Player890226
213,Player133370
214,Player472363
215,Player522482
216,Player436553
217,Player964853
218,Player192916
219,Player145927
220,Player419122
221,Player206242
222,Player671506
223,Player112484
224,Player457546
225,Player549863
226,Player749707
227,Player262852
228,Player284733
229,Player975298
230,Player232881
231,Player227849
232,Player317624
233,Player935097
234,Player639446
235,Player168448
236,Player293299
237,Player754092
238,Player275562
239,Player358409
240,Player649741
241,Player207637
242,Player863175
243,Player765938
244,Player681501
245,Player453311
246,Player756257
247,Player778865
248,Player753413
249,Player937561
250,Player695844
251,Player385156
252,Player657238
253,Player545626
254,Player353946
255,Player703258
256,Player808409
257,Player822446
258,Player649120
259,Player323268
260,Player811308
261,Player474025
262,Player214691
263,Player877292
264,Player131891
265,Player915960
266,Player390387
267,Player214908
268,Player510245
269,Player912866
270,Player541462
271,Player927956
272,Player735065
273,Player925887
274,Player112751
275,Player252471
276,Player510594
277,Player669119
278,Player843115
279,Player696871
280,Player487470
281,Player413627
282,Player622071
283,Player829246
284,Player747039
285,Player424104
286,Player195360
287,Player747911
288,Player603409
289,Player856447
290,Player434587
291,Player972873
292,Player601756
293,Player927494
294,Player615500
295,Player714481
296,Player695161
297,Player118646
298,Player139687
299,Player135029
300,Player905504
301,Player145739
302,Player996220
303,Player854355
304,Player660376
305,Player888649
306,Player605846
307,Player305325
308,Player637648
309,Player621193
310,Player675963
311,Player149818
312,Player491540
313,Player185587
314,Player668269
315,Player137397
316,Player318235
317,Player965423
318,Player348223
319,Player694586
320,Player771615
321,Player974522
322,Player813475
323,Player920031
324,Player341257
325,Player270125
326,Player975208
327,Player547244
328,Player988951
329,Player200645
330,Player591093
331,Player452725
332,Player794012
333,Player541721
334,Player470078
335,Player148331
336,Player493732
337,Player765928
338,Player804137
339,Player189169
340,Player194194
341,Player495850
342,Player772776
343,Player953601
344,Player849457
345,Player987202
346,Player705534
347,Player107858
348,Player866398
349,Player243503
350,Player474929
351,Player332165
352,Player480533
353,Player455980
354,Player767041
355,Player156102
356,Player135403
357,Player338801
358,Player275245
359,Player797273
360,Player304316
361,Player619337
362,Player743615
363,Player961157
364,Player674893
365,Player674577
366,Player147184
367,Player404573
368,Player486904
369,Player157224
370,Player366125
371,Player557686
372,Player927146
373,Player825347
374,Player151180
375,Player113925
376,Player109560
377,Player155362
378,Player881151
379,Player768690
380,Player655856
381,Player126748
382,Player305316
383,Player776584
384,Player438392
385,Player838454
386,Player396612
387,Player379329
388,Player277042
389,Player991589
390,Player434470
391,Player207812
392,Player949794
393,Player159257
394,Player215917
395,Player209438
396,Player541009
397,Player741705
398,Player908606
399,Player999348
400,Player278499
401,Player217362
402,Player426114
403,Player849286
404,Player206983
405,Player935804
406,Player144851
407,Player446642
408,Player816313
409,Player107193
410,Player778577
411,Player193060
412,Player770115
413,Player151162
414,Player218776
415,Player430682
416,Player134029
417,Player476643
418,Player870851
419,Player797965
420,Player128409
421,Player692293
422,Player213619
423,Player853703
424,Player995386
425,Player167078
426,Player718390
427,Player958737
428,Player455909
429,Player160575
430,Player101910
431,Player233783
432,Player301741
433,Player717580
434,Player905008
435,Player732817
436,Player799761
437,Player201508
438,Player364202
439,Player476383
440,Player858648
441,Player181859
442,Player959325
443,Player449282
444,Player782482
445,Player454339
446,Player163642
447,Player870603
448,Player897343
449,Player942557
450,Player181133
451,Player139144
452,Player166702
453,Player496687
454,Player220283
455,Player329526
456,Player809270
457,Player339032
458,Player417425
459,Player169072
460,Player109082
461,Player567042
462,Player364667
463,Player655230
464,Player417583
465,Player114201
466,Player267328
467,Player743285
468,Player579177
469,Player932851
470,Player117321
471,Player357712
472,Player622995
473,Player848373
474,Player357328
475,Player350139
476,Player672624
477,Player517177
478,Player423208
479,Player551480
480,Player970840
481,Player563480
482,Player797811
483,Player918085
484,Player674936
485,Player626453
486,Player917804
487,Player107762
488,Player291109
489,Player564250
490,Player986795
491,Player298185
492,Player984169
493,Player667657
494,Player828073
495,Player873988
496,Player829366
497,Player199820
498,Player708271
499,Player459372
500,Player575628
501,YEdison
502,APowell
503,GGold
504,HNoah
505,CCook
506,WSilvestre
507,AWright
508,MHilbert
509,HNoah
510,NJack
511,NCosta
512,RMatthews
513,MReyes
514,VJuan
515,CCook
516,RTerry
517,TJennings
518,NWilson
519,CAdam
520,VJuan
521,LVargas
522,FOkan
523,SSanchez
524,DSnow
525,TGeorge
526,KWatson
527,FButton
528,GAdam
529,HJackson
530,LPowell
531,DPetrov
532,XAdams
533,RAnthony
534,HNicolas
535,SGiordano
536,BGray
537,KCahill
538,RNeal
539,HJackson
540,GCampell
541,AWilson
542,MJackson
543,THunter
544,TRobertson
545,KCarl
546,CJoseph
547,DCook
548,HOliver
549,FEdwards
550,CArthur
551,Norton
552,Haywood
553,Hopkins
554,Hussein
555,Diaz
556,Gray
557,Hart
558,Moretti
559,Garcia
560,Neal
561,Franklin
562,Oliver
563,Gustavo
564,Petkovic
565,Peeters
566,Ferdinand
567,Eriksen
568,Ito
569,Tony
570,Jennings
571,Larrson
572,Reyes
573,Fields
574,Costa
575,William
576,Yilmaz
577,Jerome
578,Henderson
579,Quinn
580,Espinosa
581,Hall
582,deVries
583,Reino
584,Montero
585,Francis
586,Adam
587,Peeters
588,Peeters
589,Barnes
590,Wells
591,Mohammed
592,Martinez
593,Marquez
594,Haywood
595,Ricardo
596,Ackerman
597,Powell
598,Urgo
599,Ferdinand
600,Anderson
601,Baldwin
602,Morris
603,Flynn
604,Ackerman
605,Gold
606,Stone
607,Webb
608,Reyes
609,Randle
610,Lopez
611,Eriksen
612,Garden
613,Carl
614,Simpson
615,Jones
616,Hilbert
617,Martinez
618,Terry
619,Tanaka
620,Boswell
621,Fields
622,Abdulla
623,Reed
624,Chapman
625,Espinosa
626,Diaz
627,Collins
628,Anthony
629,Carter
630,Reina
631,Cooper
632,Webb
633,George
634,Bruno
635,Lambert
636,Stone
637,Wilson
638,Nicolas
639,Bennett
640,Gray
641,Jones
642,Flynn
643,Nicolas
644,Owen
645,Hoffmann
646,Gustavo
647,Johnson
648,Connor
649,Harper
650,George
651,Owen
652,Gustavo
653,Young
654,Jefferson
655,White
656,Jenkinson
657,Sherwood
658,Vargas
659,Henderson
660,Hilbert
661,Henry
662,Joseph
663,Tanaka
664,Allen
665,Delgado
666,Richardson
667,Roy
668,Petkovic
669,Valencia
670,Mohammed
671,Fields
672,Xavier
673,Morales
674,Russell
675,Sanchez
676,Jones
677,Valencia
678,Louis
679,Abdulla
680,Dickens
681,Norton
682,Brand
683,Torres
684,Delgado
685,Cooper
686,Fernando
687,Hoffmann
688,Garden
689,Fernando
690,Bell
691,Sherwood
692,Navas
693,Arthur
694,Park
695,Carl
696,Dunlop
697,Cahill
698,Bacon
699,George
700,Curry
701,raymond
702,randolph
703,jefferson
704,keats
705,yilmaz
706,rice
707,tanaka
708,bird
709,hunter
710,morris
711,navas
712,shaw
713,neal
714,gonzalez
715,ibesevic
716,walker
717,castro
718,simmons
719,fernando
720,bennett
721,kelly
722,lopez
723,fox
724,quinn
725,sanchez
726,zhao
727,arthur
728,ortega
729,vanderberg
730,morris
731,silvestre
732,hamilton
733,eden
734,gordon
735,rose
736,gilberto
737,lopez
738,noah
739,henry
740,young
741,anthony
742,green
743,anderson
744,hilbert
745,pearson
746,ludwig
747,vicente
748,ricardo
749,terry
750,salmons
751,allen
752,bacon
753,larrson
754,juan
755,hall
756,eden
757,desosa
758,reina
759,hudson
760,adams
761,jerome
762,amstrong
763,moreno
764,watson
765,james
766,ferdinand
767,ito
768,vargas
769,gold
770,fernandez
771,muller
772,tanaka
773,torres
774,deboer
775,cooper
776,felton
777,desosa
778,adam
779,costa
780,petrov
781,bacon
782,garcia
783,castro
784,rodriguez
785,joe
786,raymond
787,garden
788,william
789,lindberg
790,tanaka
791,wells
792,juan
793,petkovic
794,joe
795,house
796,william
797,devries
798,petkovic
799,montero
800,atkinson
801,hilbert
802,reyes
803,rice
804,andres
805,clenment
806,owen
807,martins
808,gomez
809,desosa
810,noah
811,cousin
812,desosa
813,spencer
814,anthony
815,camara
816,craig
817,jones
818,robertson
819,dunleavy
820,bell
821,mikhailov
822,simmons
823,zhao
824,fergurson
825,petrov
826,collins
827,frei
828,silva
829,shestakov
830,nguyen
831,jerome
832,lopez
833,reed
834,gallard
835,randolph
836,tony
837,henry
838,pearson
839,suarez
840,garcia
841,bennett
842,paul
843,george
844,vicente
845,williams
846,james
847,clark
848,choi
849,jefferson
850,haywood
851,JEROME
852,DUNLOP
853,XAVIER
854,SINCLAIR
855,THOMPSON
856,KARHL
857,CURRY
858,DENNIS
859,KENNEDY
860,WALKER
861,ANDERSON
862,HARPER
863,JONES
864,JOHN
865,TURNER
866,GORDON
867,ROSE
868,GARDNAR
869,TERRY
870,ANDRES
871,HOWARD
872,DEBOER
873,STONE
874,KENT
875,RICHARDS
876,BLAKE
877,MOORE
878,RANDOLPH
879,SILVA
880,REED
881,DENNIS
882,OWEN
883,HILBERT
884,ABDULLA
885,BOSWELL
886,GRANT
887,GIORDANO
888,MULLER
889,ISLA
890,NICOLAS
891,STOUDEMIRE
892,VASILIEV
893,DEFOE
894,REINO
895,GUILLET
896,FREY
897,NICOLAS
898,BERNARD
899,ROBERTS
900,GILBERT
901,DEVRIES
902,BALDWIN
903,EMERSON
904,PEDRO
905,HARRINGTON
906,HAMILTON
907,POWELL
908,GOMEZ
909,RODRIGUEZ
910,ANDERSON
911,KIM
912,GREEN
913,ESPINOSA
914,BARTON
915,MORRIS
916,FRANKLIN
917,LAMY
918,AMSTRONG
919,CAMPELL
920,WOOLF
921,FELTON
922,KENT
923,RANDLE
924,SVENSSON
925,HENRY
926,PEETERS
927,HOFFMANN
928,JAMES
929,MICHEL
930,GOLD
931,GILBERT
932,FLYNN
933,BARRY
934,SINCLAIR
935,DESOSA
936,NORTON
937,EVANS
938,HENRY
939,BARNES
940,CHAMBERLAIN
941,JORDAN
942,SMITH
943,HOUSE
944,BOSWELL
945,LUCAS
946,YAMADA
947,ALLEN
948,DEBOER
949,NOAH
950,GARDNAR
951,CASTRO
952,LUDWIG
953,VASILIEV
954,CARTER
955,VASILIEV
956,DUNLOP
957,NEAL
958,CAMARA
959,SINCLAIR
960,LOPEZ
961,GOMEZ
962,POPOV
963,ANDERSON
964,SHERWOOD
965,MARION
966,WHITE
967,BERNARD
968,KATO
969,LOUIS
970,BRUNO
971,TORRES
972,BLAKE
973,ROBERTSON
974,HART
975,MICHEL
976,REED
977,BALDWIN
978,SALMONS
979,JEROME
980,ORTEGA
981,DAVIDS
982,OLIVERA
983,LOUIS
984,FRANKLIN
985,BUTLER
986,THOMPSON
987,MORETTI
988,LUDWIG
989,STEPHENSON
990,OLSEN
991,BACON
992,BROWN
993,RENO
994,NELSON
995,OKAN
996,HUSSEIN
997,HUDSON
998,WATSON
999,MORALES
1000,FERDINAND
